{
  "average_frame_build_time_millis": 21.329833333333333,
  "90th_percentile_frame_build_time_millis": 39.763,
  "99th_percentile_frame_build_time_millis": 229.952,
  "worst_frame_build_time_millis": 229.952,
  "missed_frame_build_budget_count": 7,
  "average_frame_rasterizer_time_millis": 24.398212121212122,
  "90th_percentile_frame_rasterizer_time_millis": 38.739,
  "99th_percentile_frame_rasterizer_time_millis": 88.08,
  "worst_frame_rasterizer_time_millis": 88.08,
  "missed_frame_rasterizer_budget_count": 23,
  "frame_count": 36,
  "frame_rasterizer_count": 33,
  "frame_build_times": [
    229952,
    111225,
    19717,
    14995,
    39763,
    8374,
    25835,
    2357,
    16506,
    1960,
    5696,
    2877,
    4943,
    2957,
    2600,
    3108,
    4682,
    3090,
    2823,
    7392,
    4997,
    6653,
    4560,
    4189,
    4282,
    4649,
    6158,
    3962,
    5594,
    3362,
    6255,
    5598,
    2447,
    3677,
    189725,
    914
  ],
  "frame_rasterizer_times": [
    37736,
    38739,
    23040,
    30784,
    20679,
    16178,
    12997,
    10985,
    13097,
    16243,
    13776,
    14637,
    14432,
    16871,
    13446,
    14049,
    13011,
    18990,
    20906,
    15773,
    16570,
    16189,
    17324,
    18171,
    88080,
    49833,
    26080,
    35611,
    20528,
    17999,
    22040,
    76138,
    24209
  ],
  "frame_begin_times": [
    0,
    250553,
    386019,
    419729,
    452670,
    507489,
    534579,
    569489,
    600317,
    634228,
    651557,
    669917,
    683522,
    701346,
    717316,
    735545,
    750567,
    770148,
    783802,
    800609,
    818893,
    833699,
    850350,
    867159,
    883661,
    901360,
    917531,
    1016403,
    1066729,
    1084913,
    1117246,
    1151182,
    1167680,
    1193720,
    1268507,
    1467847
  ],
  "frame_rasterizer_begin_times": [
    0,
    124092,
    163002,
    200413,
    234756,
    262013,
    290746,
    335301,
    355601,
    372092,
    391551,
    407249,
    423779,
    439667,
    458170,
    474453,
    491700,
    506322,
    526737,
    548407,
    564317,
    581021,
    597424,
    615022,
    633397,
    721785,
    771915,
    798434,
    834166,
    854880,
    876013,
    898189,
    974564
  ],
  "average_vsync_transitions_missed": 1.7352941176470589,
  "90th_percentile_vsync_transitions_missed": 3.0,
  "99th_percentile_vsync_transitions_missed": 7.0
}