{
  "average_frame_build_time_millis": 7.5923333333333325,
  "90th_percentile_frame_build_time_millis": 25.549,
  "99th_percentile_frame_build_time_millis": 26.719,
  "worst_frame_build_time_millis": 26.719,
  "missed_frame_build_budget_count": 2,
  "average_frame_rasterizer_time_millis": 14.710266666666667,
  "90th_percentile_frame_rasterizer_time_millis": 17.161,
  "99th_percentile_frame_rasterizer_time_millis": 18.464,
  "worst_frame_rasterizer_time_millis": 18.464,
  "missed_frame_rasterizer_budget_count": 6,
  "frame_count": 15,
  "frame_rasterizer_count": 15,
  "frame_build_times": [
    26719,
    6771,
    7200,
    6263,
    5326,
    1968,
    1824,
    2429,
    10597,
    2409,
    8860,
    3528,
    1738,
    2704,
    25549
  ],
  "frame_rasterizer_times": [
    16447,
    13235,
    17161,
    14811,
    13067,
    14816,
    14485,
    18464,
    9699,
    16537,
    11616,
    16938,
    14389,
    16028,
    12961
  ],
  "frame_begin_times": [
    0,
    44202,
    59818,
    76457,
    93315,
    112838,
    129716,
    145955,
    160500,
    179697,
    193073,
    210280,
    227473,
    245197,
    262160
  ],
  "frame_rasterizer_begin_times": [
    0,
    32720,
    46625,
    64228,
    80830,
    96395,
    113406,
    129956,
    152618,
    164368,
    183791,
    195935,
    213008,
    228159,
    251338
  ],
  "average_vsync_transitions_missed": 1.0,
  "90th_percentile_vsync_transitions_missed": 1.0,
  "99th_percentile_vsync_transitions_missed": 1.0
}